<?xml version="1.0" encoding="UTF-8"?>
<!DOCTYPE mapper
PUBLIC "-//mybatis.org//DTD Mapper 3.0//EN" 
"https://mybatis.org/dtd/mybatis-3-mapper.dtd" >

<mapper namespace="team.Ad_qna.Ad_QnaMapper">
	<select id="list" resultType="Ad_QnaVO">
		select * from qna
	</select>
	
	<select id="detail" resultType="Ad_QnaVO" parameterType="java.lang.Integer">
		select * from qna where no = #{no}
	</select>
	
	<delete id = "delete" parameterType="Ad_QnaVO">
		delete from qna where no = #{no}
	</delete>
	
	<update id="modify" parameterType="Ad_QnaVO">
		update qna set 
		q_cate = #{q_cate}, q_content = #{q_content}
		where no = #{no}
	</update>
	

	
</mapper>


