<?xml version="1.0" encoding="UTF-8"?>
<!DOCTYPE mapper
PUBLIC "-//mybatis.org//DTD Mapper 3.0//EN" 
"https://mybatis.org/dtd/mybatis-3-mapper.dtd" >

<mapper namespace="team.mypage.QnaMapper">
	<select id="list" resultType="QnaVO">
		select * from qna where q_id = #{q_id}
	</select>
	
	<select id="detail" resultType="QnaVO" parameterType="java.lang.Integer">
		select * from qna where no = #{no}
	</select>
	
	<sql id="q_noMax">
		(select max(no)+1 from qna where q_id = #{q_id})
	</sql>
		
	<insert id="insert" parameterType="QnaVO">
		<selectKey keyProperty="no" resultType="java.lang.Integer" order="BEFORE">
			<include refid="q_noMax"/>
		</selectKey>
		insert into qna 
		(no, q_id, q_regdate, q_cate, q_content, q_upfile ) 
		values
		(#{no}, #{q_id}, sysdate, #{q_cate}, #{q_content}, #{q_upfile})
	</insert>
	
	<update id="modify" parameterType="QnaVO">
		update qna set 
		q_cate = #{q_cate}, q_content = #{q_content}
		where no = #{no}
	</update>
	
	<delete id = "delete" parameterType="QnaVO">
		delete from qna where no = #{no}
	</delete>
</mapper>


